Model,F1 Score (Train),F1 Score (Test),Recall (Test),Accuracy (Train),Accuracy (Test)
LogisticRegression:,0.8068448901800191,0.7155023846325517,0.7473696444949245,0.8071389042612064,0.75260663507109
DecisionTreeClassifier:,0.8129391994819095,0.7056490081776511,0.7238164119453756,0.8129496402877698,0.7530805687203791
RandomForestClassifier:,0.8262632362734714,0.7107751717324461,0.7454472956504627,0.8267847260653016,0.7464454976303317
GradientBoostingClassifier:,0.9179491070919743,0.716770668663505,0.7255270204801212,0.9179579413392362,0.7706161137440758
XGBClassifier:,0.9727426767033898,0.6948197494644647,0.6965007612294287,0.9727448810182623,0.7597156398104266
